{
  "AAPL": 249.93081999999998,
  "MSFT": 391.84077999999994,
  "GOOGL": 307.755,
  "AMZN": 209.82145999999997,
  "META": 615.63843,
  "JPM": 288.84441,
  "JNJ": 237.24004999999997,
  "NFLX": 94.71518999999999,
  "INTC": 45.02721,
  "AMD": 199.60720999999998
}